Test,Reference
1001,1008
1001,1014
1001,102
1001,1022
1001,1032
1001,1038
1001,1063
1001,1070
1001,1085
1001,109
1001,1121
1001,114
1001,1162
1001,1245
1001,1353
1001,137
1001,1383
1001,143
1001,153
1001,160
1001,168
1001,175
1001,187
1001,193
1001,265
1001,287
1001,293
1001,312
1001,389
1001,394
1001,398
1001,408
1001,410
1001,416
1001,423
1001,430
1001,433
1001,462
1001,563
1001,580
1001,592
1001,655
1001,702
1001,778
1001,869
1001,886
1001,910
1001,926
1001,943
1001,96
1001,993
1001,994
1004,1368
1004,1398
1004,815
1006,1368
1006,1398
1006,815
1008,1001
1008,1008
1008,1060
1008,1063
1008,1098
1008,112
1008,114
1008,1277
1008,1325
1008,213
1008,277
1008,290
1008,309
1008,352
1008,358
1008,376
1008,385
1008,388
1008,447
1008,45
1008,462
1008,477
1008,485
1008,499
1008,50
1008,570
1008,573
1008,615
1008,647
1008,664
1008,666
1008,688
1008,707
1008,712
1008,717
1008,758
1008,765
1008,880
1008,886
1008,941
1008,96
1009,1001
1009,1008
1009,1060
1009,1063
1009,1095
1009,112
1009,114
1009,168
1009,200
1009,206
1009,213
1009,277
1009,287
1009,290
1009,294
1009,309
1009,352
1009,358
1009,376
1009,385
1009,388
1009,427
1009,447
1009,45
1009,452
1009,462
1009,477
1009,485
1009,491
1009,499
1009,570
1009,573
1009,579
1009,589
1009,592
1009,615
1009,643
1009,647
1009,664
1009,666
1009,688
1009,707
1009,712
1009,717
1009,758
1009,765
1009,778
1009,852
1009,869
1009,87
1009,880
1009,886
1009,926
1009,941
1009,943
1009,96
1009,972
1009,993
1009,994
1012,1080
1012,1089
1012,1091
1012,1135
1012,122
1012,1380
1012,1398
1012,331
1012,42
1012,454
1012,634
1012,71
1012,731
1012,815
1012,831
1012,889
1019,1019
1019,1085
1019,109
1019,1121
1019,137
1019,193
1019,195
1019,250
1019,265
1019,538
1019,563
1019,580
1019,655
1019,681
1019,702
1019,728
1019,748
1019,886
1019,910
102,109
102,681
102,702
102,910
1022,1001
1022,1070
1022,1085
1022,109
1022,1121
1022,137
1022,187
1022,193
1022,265
1022,287
1022,293
1022,312
1022,389
1022,394
1022,398
1022,408
1022,416
1022,423
1022,430
1022,433
1022,460
1022,52
1022,538
1022,681
1022,702
1022,728
1022,748
1022,886
1022,910
1022,994
1024,1001
1024,1063
1024,109
1024,168
1024,462
1024,580
1024,886
1024,994
1027,1072
1027,1368
1027,1398
1027,404
1027,815
1027,990
1028,1064
1028,1084
1028,1299
1028,1338
1028,1398
1028,165
1028,24
1028,254
1028,409
1028,414
1029,1027
1029,1029
1029,1034
1029,1072
1029,1368
1029,1398
1029,172
1029,404
1029,506
1029,668
1029,714
1029,815
1029,889
1029,987
1029,990
1032,1004
1032,1027
1032,1028
1032,1029
1032,1063
1032,1070
1032,1080
1032,1091
1032,1135
1032,1140
1032,1158
1032,1175
1032,1219
1032,1360
1032,1385
1032,1393
1032,168
1032,200
1032,213
1032,24
1032,250
1032,309
1032,335
1032,339
1032,401
1032,488
1032,503
1032,506
1032,60
1032,666
1032,669
1032,697
1032,705
1032,712
1032,734
1032,796
1032,801
1032,803
1032,813
1032,814
1032,861
1032,886
1032,927
1032,930
1032,935
1032,980
1032,985
1032,987
1032,990
1034,1001
1034,1019
1034,102
1034,1022
1034,1038
1034,1070
1034,1085
1034,109
1034,1106
1034,1121
1034,1162
1034,1245
1034,1353
1034,137
1034,1383
1034,153
1034,168
1034,187
1034,193
1034,195
1034,249
1034,250
1034,265
1034,287
1034,293
1034,312
1034,350
1034,389
1034,394
1034,397
1034,398
1034,408
1034,410
1034,416
1034,423
1034,430
1034,433
1034,460
1034,462
1034,52
1034,535
1034,538
1034,563
1034,580
1034,592
1034,655
1034,681
1034,702
1034,728
1034,748
1034,820
1034,84
1034,861
1034,869
1034,881
1034,886
1034,910
1034,943
1034,96
1034,994
1036,1004
1036,1027
1036,1028
1036,1029
1036,1063
1036,1070
1036,1080
1036,1091
1036,1135
1036,1140
1036,1158
1036,1175
1036,1219
1036,1360
1036,1385
1036,1393
1036,168
1036,200
1036,213
1036,24
1036,250
1036,309
1036,335
1036,339
1036,401
1036,488
1036,503
1036,506
1036,60
1036,666
1036,669
1036,697
1036,705
1036,712
1036,734
1036,796
1036,801
1036,803
1036,813
1036,814
1036,861
1036,886
1036,927
1036,930
1036,935
1036,980
1036,985
1036,987
1036,990
1038,1398
1040,1001
1040,1019
1040,102
1040,1022
1040,1034
1040,1070
1040,1085
1040,109
1040,1106
1040,1121
1040,1162
1040,1353
1040,137
1040,1383
1040,153
1040,168
1040,187
1040,193
1040,195
1040,249
1040,250
1040,265
1040,287
1040,293
1040,312
1040,350
1040,389
1040,394
1040,397
1040,398
1040,408
1040,410
1040,416
1040,423
1040,430
1040,433
1040,460
1040,52
1040,535
1040,538
1040,563
1040,580
1040,592
1040,655
1040,681
1040,702
1040,728
1040,748
1040,820
1040,861
1040,869
1040,881
1040,886
1040,910
1040,943
1040,994
1050,1050
1050,234
1050,290
1050,309
1050,469
1050,499
1050,50
1050,833
1050,901
1050,908
1050,929
1050,938
1051,1050
1051,309
1051,469
1051,499
1051,50
1051,929
1053,1004
1053,1006
1053,1009
1053,1012
1053,1027
1053,1028
1053,1029
1053,1032
1053,1036
1053,1048
1053,1063
1053,1064
1053,1072
1053,1081
1053,1084
1053,1092
1053,1094
1053,1095
1053,1097
1053,1098
1053,112
1053,1124
1053,1131
1053,1137
1053,114
1053,1140
1053,1143
1053,1156
1053,116
1053,1177
1053,1204
1053,1219
1053,122
1053,1227
1053,1251
1053,1252
1053,1299
1053,1318
1053,1338
1053,1368
1053,1371
1053,1384
1053,1385
1053,1387
1053,1389
1053,1393
1053,1398
1053,148
1053,162
1053,172
1053,19
1053,190
1053,198
1053,202
1053,214
1053,216
1053,24
1053,244
1053,245
1053,254
1053,272
1053,288
1053,304
1053,31
1053,339
1053,345
1053,363
1053,366
1053,367
1053,390
1053,404
1053,407
1053,414
1053,420
1053,426
1053,427
1053,439
1053,452
1053,461
1053,462
1053,489
1053,490
1053,494
1053,503
1053,506
1053,514
1053,518
1053,525
1053,534
1053,60
1053,625
1053,627
1053,660
1053,668
1053,671
1053,688
1053,69
1053,699
1053,706
1053,714
1053,734
1053,738
1053,739
1053,74
1053,745
1053,750
1053,752
1053,754
1053,762
1053,766
1053,770
1053,777
1053,798
1053,80
1053,801
1053,803
1053,813
1053,814
1053,815
1053,818
1053,867
1053,87
1053,889
1053,915
1053,926
1053,927
1053,928
1053,935
1053,937
1053,972
1053,975
1053,985
1053,987
1053,990
1053,991
1060,796
1061,1009
1061,1063
1061,114
1061,200
1061,206
1061,277
1061,294
1061,358
1061,376
1061,385
1061,45
1061,462
1061,491
1061,579
1061,589
1061,643
1061,707
1061,712
1061,758
1061,852
1061,980
1064,1001
1064,1009
1064,1019
1064,1022
1064,1024
1064,1061
1064,1070
1064,109
1064,1121
1064,114
1064,1162
1064,1245
1064,1353
1064,137
1064,1383
1064,143
1064,160
1064,168
1064,175
1064,187
1064,198
1064,206
1064,213
1064,265
1064,277
1064,287
1064,293
1064,294
1064,309
1064,312
1064,358
1064,376
1064,385
1064,410
1064,423
1064,427
1064,433
1064,45
1064,452
1064,462
1064,491
1064,499
1064,563
1064,579
1064,580
1064,581
1064,589
1064,592
1064,655
1064,707
1064,758
1064,778
1064,852
1064,869
1064,87
1064,886
1064,926
1064,943
1064,96
1064,972
1064,993
1064,994
1070,1028
1070,1072
1070,1084
1070,1094
1070,1299
1070,1338
1070,1368
1070,1398
1070,159
1070,165
1070,19
1070,233
1070,24
1070,244
1070,247
1070,254
1070,264
1070,409
1070,414
1070,417
1070,506
1070,525
1070,533
1070,547
1070,815
1070,917
1072,1001
1072,1019
1072,1022
1072,1034
1072,1040
1072,1064
1072,1085
1072,109
1072,1121
1072,1162
1072,137
1072,1383
1072,153
1072,160
1072,168
1072,187
1072,193
1072,195
1072,250
1072,265
1072,287
1072,293
1072,294
1072,312
1072,350
1072,376
1072,389
1072,394
1072,397
1072,398
1072,408
1072,410
1072,416
1072,423
1072,430
1072,433
1072,460
1072,462
1072,491
1072,52
1072,538
1072,563
1072,580
1072,592
1072,593
1072,655
1072,681
1072,702
1072,707
1072,728
1072,748
1072,758
1072,84
1072,861
1072,869
1072,881
1072,886
1072,910
1072,943
1072,96
1072,994
1080,1368
1080,1398
1080,815
1081,1089
1081,1135
1081,1380
1081,331
1081,634
1081,71
1081,731
1081,831
1084,1368
1084,1398
1084,815
1085,1028
1085,1070
1085,1299
1085,1338
1085,1368
1085,1398
1085,165
1085,233
1085,24
1085,254
1085,264
1085,409
1085,414
1089,1019
1089,102
1089,1022
1089,1040
1089,109
1089,1121
1089,193
1089,195
1089,249
1089,250
1089,265
1089,293
1089,294
1089,312
1089,350
1089,376
1089,389
1089,408
1089,416
1089,430
1089,433
1089,460
1089,491
1089,52
1089,535
1089,538
1089,655
1089,681
1089,702
1089,707
1089,728
1089,748
1089,758
1089,861
1089,881
1089,910
109,331
109,634
109,71
109,731
109,831
1092,1012
1092,1081
1092,109
1092,1135
1092,122
1092,1380
1092,1398
1092,331
1092,42
1092,454
1092,634
1092,71
1092,731
1092,815
1092,831
1092,889
1092,92
1092,939
1094,1398
1097,385
1105,1008
1105,1009
1105,1061
1105,112
1105,114
1105,1277
1105,1325
1105,1398
1105,213
1105,290
1105,309
1105,352
1105,358
1105,385
1105,388
1105,427
1105,447
1105,45
1105,462
1105,477
1105,485
1105,499
1105,570
1105,573
1105,615
1105,647
1105,664
1105,666
1105,688
1105,712
1105,717
1105,765
1105,880
1105,941
111,1001
111,1019
111,102
111,1034
111,1040
111,1089
111,1091
111,1121
111,137
111,1383
111,193
111,195
111,249
111,250
111,265
111,389
111,398
111,408
111,410
111,423
111,535
111,538
111,563
111,580
111,655
111,681
111,702
111,728
111,748
111,886
111,910
111,994
1121,1008
1121,1009
1121,1061
1121,1064
1121,1097
1121,1105
1121,114
1121,1277
1121,1325
1121,1328
1121,168
1121,206
1121,213
1121,234
1121,277
1121,290
1121,309
1121,352
1121,358
1121,376
1121,385
1121,388
1121,427
1121,447
1121,45
1121,452
1121,462
1121,477
1121,485
1121,488
1121,497
1121,499
1121,50
1121,570
1121,573
1121,579
1121,615
1121,643
1121,647
1121,664
1121,666
1121,688
1121,707
1121,712
1121,717
1121,758
1121,765
1121,852
1121,87
1121,880
1121,896
1121,901
1121,908
1121,909
1121,915
1121,926
1121,938
1121,941
1121,96
1121,972
1121,993
1123,1001
1123,1019
1123,1089
1123,1091
1123,137
1123,193
1123,195
1123,265
1123,385
1123,423
1123,430
1123,563
1123,580
1123,655
1123,681
1123,702
1123,728
1123,748
1123,886
1123,910
1123,994
1124,1175
1124,1182
1137,1012
1137,1081
1137,109
1137,1092
1137,122
1137,1380
1137,1398
1137,331
1137,42
1137,454
1137,634
1137,71
1137,731
1137,815
1137,831
1137,889
1137,939
1140,1001
1140,1009
1140,1061
1140,1064
1140,1091
1140,1097
1140,168
1140,175
1140,200
1140,206
1140,213
1140,277
1140,287
1140,290
1140,294
1140,309
1140,352
1140,358
1140,376
1140,385
1140,388
1140,423
1140,427
1140,45
1140,452
1140,462
1140,477
1140,485
1140,488
1140,491
1140,499
1140,579
1140,589
1140,592
1140,643
1140,647
1140,664
1140,666
1140,688
1140,707
1140,712
1140,717
1140,758
1140,765
1140,778
1140,852
1140,869
1140,87
1140,880
1140,886
1140,896
1140,926
1140,941
1140,943
1140,96
1140,972
1140,993
1140,994
1156,1368
1156,1398
1156,462
1156,815
1162,1318
1162,1368
1162,1371
1162,1389
1162,1398
1162,345
1162,363
1162,407
1162,420
1162,439
1162,745
1162,777
1163,1001
1163,1019
1163,102
1163,1022
1163,1034
1163,1040
1163,1072
1163,1089
1163,1091
1163,111
1163,1123
1163,1245
1163,1353
1163,137
1163,1383
1163,143
1163,153
1163,168
1163,187
1163,193
1163,195
1163,249
1163,250
1163,265
1163,287
1163,293
1163,312
1163,350
1163,389
1163,394
1163,397
1163,398
1163,408
1163,410
1163,416
1163,423
1163,430
1163,433
1163,460
1163,462
1163,52
1163,535
1163,538
1163,563
1163,580
1163,592
1163,655
1163,681
1163,702
1163,728
1163,748
1163,778
1163,820
1163,84
1163,861
1163,869
1163,881
1163,886
1163,910
1163,943
1163,96
1163,993
1163,994
1175,123
1175,124
1175,125
1175,1284
1175,130
1175,1303
1175,1306
1175,1307
1175,894
1177,1182
1177,1188
1177,1196
1177,1197
1177,1203
1177,1254
1177,1284
1177,1316
1177,1344
1182,1368
1182,1398
1182,815
1188,1177
1188,1188
1188,1196
1188,1197
1188,1201
1188,1203
1188,1205
1188,1209
1188,1213
1188,1216
1188,1225
1188,1231
1188,1254
1188,1284
1188,1287
1188,1295
1188,1316
1188,134
1188,1344
1188,1349
1188,1351
1196,1177
1196,1188
1196,1196
1196,1197
1196,1201
1196,1203
1196,1205
1196,1209
1196,1213
1196,1216
1196,1225
1196,1231
1196,1254
1196,1284
1196,1287
1196,1295
1196,1316
1196,1330
1196,134
1196,1344
1196,1349
1196,1351
1196,56
1197,1177
1197,1188
1197,1196
1197,1197
1197,1201
1197,1203
1197,1205
1197,1209
1197,1213
1197,1216
1197,1225
1197,1231
1197,1254
1197,1284
1197,1287
1197,1295
1197,1316
1197,134
1197,1344
1197,1349
1197,1351
1197,56
1201,1177
1201,1188
1201,1196
1201,1197
1201,1201
1201,1203
1201,1205
1201,1209
1201,1213
1201,1216
1201,1225
1201,1231
1201,1254
1201,1284
1201,1287
1201,1295
1201,1316
1201,134
1201,1344
1201,1349
1201,1351
1202,1177
1202,1188
1202,1196
1202,1197
1202,1201
1202,1203
1202,1205
1202,1209
1202,1213
1202,1216
1202,1225
1202,1231
1202,1254
1202,1284
1202,1287
1202,1295
1202,1316
1202,1330
1202,134
1202,1344
1202,1349
1202,1351
1202,526
1202,56
1203,1196
1203,1202
1203,1203
1203,1233
1203,1273
1203,1296
1203,1313
1203,1317
1203,1346
1204,1177
1204,1188
1204,1196
1204,1197
1204,1201
1204,1202
1204,1205
1204,1209
1204,1213
1204,1216
1204,1225
1204,1231
1204,1254
1204,1284
1204,1287
1204,1295
1204,1316
1204,134
1204,1344
1204,1349
1204,1351
1205,1177
1205,1188
1205,1196
1205,1197
1205,1201
1205,1202
1205,1204
1205,1205
1205,1209
1205,1213
1205,1216
1205,1225
1205,1231
1205,128
1205,1285
1205,1288
1205,1313
1205,1328
1205,1338
1205,134
1209,1177
1209,1188
1209,1196
1209,1197
1209,1201
1209,1202
1209,1204
1209,1209
1209,1213
1209,1216
1209,1225
1209,1231
1209,1252
1209,1254
1209,1268
1209,1269
1209,128
1209,1284
1209,1285
1209,1287
1209,1288
1209,1295
1209,1316
1209,132
1209,1330
1209,1336
1209,134
1209,1344
1209,1345
1209,1349
1209,1351
1213,1177
1213,1188
1213,1196
1213,1197
1213,1201
1213,1202
1213,1204
1213,1209
1213,1213
1213,1216
1213,1225
1213,1231
1213,1254
1213,1284
1213,1287
1213,1295
1213,1316
1213,1330
1213,134
1213,1344
1213,1349
1213,1351
1213,56
1216,1177
1216,1188
1216,1196
1216,1197
1216,1201
1216,1202
1216,1204
1216,1209
1216,1213
1216,122
1216,123
1216,1252
1216,128
1216,1285
1216,1288
1216,1313
1216,1338
1216,134
1216,1346
1216,1349
1216,547
1219,1177
1219,1188
1219,1196
1219,1197
1219,1201
1219,1202
1219,1204
1219,1209
1219,1213
1219,122
1219,123
1219,1252
1219,128
1219,1285
1219,1288
1219,1313
1219,1338
1219,134
1219,1346
1219,1349
1219,547
122,1368
122,1398
1225,1012
1225,109
1225,1092
1225,1137
1225,1380
1225,1398
1225,331
1225,42
1225,454
1225,634
1225,706
1225,71
1225,731
1225,815
1225,831
1225,889
1227,1177
1227,1188
1227,1196
1227,1197
1227,1201
1227,1202
1227,1204
1227,1209
1227,1213
1227,1216
1227,1219
1227,1231
1227,1254
1227,1284
1227,1287
1227,1295
1227,1316
1227,134
1227,1344
1227,1349
1227,1351
1227,56
1231,1175
1231,124
1231,125
1231,130
1231,1303
1231,1306
1231,1307
1231,894
1233,1177
1233,1188
1233,1196
1233,1197
1233,1201
1233,1202
1233,1204
1233,1209
1233,1213
1233,1216
1233,1219
1233,1252
1233,1268
1233,1269
1233,128
1233,1284
1233,1285
1233,1287
1233,1288
1233,1295
1233,1316
1233,132
1233,1330
1233,1336
1233,134
1233,1344
1233,1345
1233,1349
1238,1188
1238,1196
1238,1202
1238,1203
1238,1204
1238,1273
1238,1296
1238,1313
1238,1317
1238,1346
1245,1175
1245,1231
1245,125
1245,130
1245,1303
1245,1306
1245,1307
125,1001
125,1019
125,102
125,1022
125,1034
125,1040
125,1064
125,1072
125,1089
125,1091
125,111
125,1123
125,1163
125,1353
125,137
125,1383
125,143
125,153
125,168
125,187
125,193
125,195
125,249
125,250
125,265
125,287
125,293
125,312
125,350
125,389
125,394
125,397
125,398
125,408
125,410
125,416
125,423
125,430
125,433
125,451
125,460
125,462
125,52
125,535
125,538
125,563
125,580
125,592
125,655
125,681
125,702
125,728
125,748
125,778
125,820
125,84
125,861
125,869
125,881
125,886
125,910
125,943
125,96
125,993
125,994
1251,1175
1251,1231
1251,1245
1251,130
1251,1303
1251,1306
1251,1307
1252,1177
1252,1188
1252,1196
1252,1197
1252,1201
1252,1202
1252,1204
1252,1205
1252,1209
1252,1213
1252,1216
1252,1225
1252,1231
1252,128
1252,1285
1252,1288
1252,1313
1252,1328
1252,1338
1252,134
1254,1209
1254,1233
1254,1268
1254,1269
1254,128
1254,1284
1254,1285
1254,1287
1254,1288
1254,1295
1254,1316
1254,132
1254,1330
1254,1336
1254,134
1254,1344
1254,1345
1268,1177
1268,1188
1268,1196
1268,1197
1268,1201
1268,1202
1268,1204
1268,1209
1268,1213
1268,1216
1268,1219
1268,1227
1268,1233
1268,1284
1268,1287
1268,1295
1268,1316
1268,134
1268,1344
1268,1349
1268,1351
1268,56
1269,1177
1269,1188
1269,1196
1269,1197
1269,1201
1269,1202
1269,1204
1269,1209
1269,1233
1269,1254
1269,1269
1269,128
1269,1284
1269,1285
1269,1287
1269,1288
1269,1313
1269,1318
1269,1328
1269,1330
1269,1338
1269,134
1269,1344
1269,1346
1273,1177
1273,1188
1273,1196
1273,1197
1273,1201
1273,1202
1273,1204
1273,1209
1273,1233
1273,1254
1273,1269
1273,128
1273,1284
1273,1285
1273,1287
1273,1307
1273,1317
1273,1325
1273,1330
1273,1336
1273,134
1277,1196
1277,1202
1277,1203
1277,1204
1277,1238
1277,1296
1277,1313
1277,1317
1277,1346
128,1051
128,309
128,499
128,50
1284,1177
1284,1188
1284,1196
1284,1197
1284,1201
1284,1202
1284,1204
1284,1209
1284,1233
1284,1254
1284,1269
1284,128
1284,1284
1284,1285
1284,1287
1284,1288
1284,1313
1284,1318
1284,1328
1284,1330
1284,1338
1284,134
1284,1344
1284,1346
1285,1177
1285,1188
1285,1196
1285,1197
1285,1201
1285,1202
1285,1204
1285,1209
1285,1213
1285,1233
1285,1268
1285,1287
1285,1295
1285,1316
1285,1330
1285,134
1285,1344
1285,1349
1287,1177
1287,1188
1287,1196
1287,1197
1287,1201
1287,1202
1287,1204
1287,1209
1287,1233
1287,1254
1287,1269
1287,128
1287,1284
1287,1285
1287,1287
1287,1307
1287,1317
1287,1325
1287,1330
1287,1336
1287,134
1288,1177
1288,1188
1288,1196
1288,1197
1288,1201
1288,1202
1288,1204
1288,1209
1288,1213
1288,1216
1288,1219
1288,1227
1288,1233
1288,1268
1288,1285
1288,1295
1288,1316
1288,1330
1288,134
1288,1344
1288,1349
1288,1351
1295,1177
1295,1188
1295,1196
1295,1197
1295,1201
1295,1202
1295,1204
1295,1209
1295,1233
1295,1254
1295,1269
1295,128
1295,1284
1295,1285
1295,1287
1295,1307
1295,1317
1295,1325
1295,1330
1295,1336
1295,134
1296,1177
1296,1188
1296,1196
1296,1197
1296,1201
1296,1202
1296,1204
1296,1209
1296,1213
1296,1216
1296,1219
1296,1227
1296,1233
1296,1268
1296,1269
1296,1284
1296,1285
1296,1288
1296,1316
1296,132
1296,1330
1296,134
1296,1344
1296,1349
1296,1351
1299,1188
1299,1196
1299,1202
1299,1203
1299,1204
1299,1238
1299,1277
1299,1313
1299,1317
1299,1346
13,1028
13,1070
13,1085
13,1338
13,1398
13,159
13,165
13,233
13,24
13,247
13,254
13,264
13,409
13,414
1303,1175
1303,1231
1303,1245
1303,1251
1303,1303
1306,1175
1306,1231
1306,1245
1306,1251
1306,1303
1307,1175
1307,1231
1307,1245
1307,1251
1307,1303
1313,1175
1313,1231
1313,1245
1313,1251
1313,1303
1313,1306
1313,1307
1316,1188
1316,1196
1316,1201
1316,1202
1316,1203
1316,1204
1316,1238
1316,1277
1316,1299
1316,1317
1316,1346
1317,1177
1317,1188
1317,1196
1317,1197
1317,1201
1317,1202
1317,1204
1317,1209
1317,1213
1317,1216
1317,1219
1317,1227
1317,1233
1317,1268
1317,1285
1317,1288
1317,1296
1317,134
1317,1344
1317,1349
1318,1196
1318,1202
1318,1203
1318,1204
1318,1238
1318,1277
1318,1299
1318,1316
1318,1346
1325,1177
1325,1188
1325,1196
1325,1197
1325,1201
1325,1202
1325,1204
1325,1209
1325,1233
1325,1254
1325,1269
1325,1273
1325,1284
1325,1285
1325,1287
1325,1288
1325,1295
1325,1296
1325,1317
1325,1330
1325,1336
1325,134
1325,1344
1325,1345
1325,1349
1328,1001
1328,1008
1328,1009
1328,1061
1328,1064
1328,1105
1328,1121
1328,1140
1328,168
1328,213
1328,290
1328,309
1328,352
1328,358
1328,376
1328,385
1328,388
1328,447
1328,45
1328,462
1328,477
1328,485
1328,499
1328,570
1328,573
1328,615
1328,647
1328,664
1328,666
1328,688
1328,707
1328,712
1328,717
1328,758
1328,765
1328,880
1328,886
1328,941
1328,96
1330,1001
1330,1009
1330,1051
1330,1061
1330,1064
1330,1140
1330,168
1330,213
1330,290
1330,309
1330,352
1330,358
1330,376
1330,385
1330,388
1330,447
1330,45
1330,462
1330,477
1330,485
1330,499
1330,50
1330,570
1330,615
1330,647
1330,664
1330,666
1330,688
1330,707
1330,712
1330,717
1330,758
1330,765
1330,880
1330,886
1330,926
1330,941
1330,96
1336,1177
1336,1188
1336,1196
1336,1197
1336,1201
1336,1202
1336,1204
1336,1209
1336,1233
1336,1254
1336,1269
1336,1273
1336,1284
1336,1285
1336,1287
1336,1288
1336,1295
1336,1296
1336,1317
1336,1325
1336,1336
1336,134
1336,1344
1336,1345
1336,1349
1338,1177
1338,1188
1338,1196
1338,1197
1338,1201
1338,1202
1338,1204
1338,1209
1338,1233
1338,1254
1338,1269
1338,128
1338,1284
1338,1285
1338,1287
1338,1307
1338,1317
1338,1325
1338,1330
1338,1336
1338,134
134,309
1344,1177
1344,1188
1344,1196
1344,1197
1344,1201
1344,1202
1344,1204
1344,1209
1344,1213
1344,1216
1344,1219
1344,1233
1344,1285
1344,1288
1344,1296
1344,1317
1344,1336
1344,1344
1344,1349
1344,1351
1345,1177
1345,1188
1345,1196
1345,1197
1345,1201
1345,1202
1345,1204
1345,1209
1345,1213
1345,1233
1345,1268
1345,1285
1345,1288
1345,1296
1345,1317
1345,1344
1345,1349
1346,1177
1346,1188
1346,1196
1346,1197
1346,1201
1346,1202
1346,1204
1346,1209
1346,1233
1346,1254
1346,1269
1346,128
1346,1284
1346,1285
1346,1287
1346,1307
1346,1317
1346,1325
1346,1330
1346,1336
1346,134
1349,1177
1349,1188
1349,1196
1349,1201
1349,1202
1349,1203
1349,1204
1349,1238
1349,1277
1349,1299
1349,1316
1349,1318
1349,1345
1351,1177
1351,1188
1351,1196
1351,1197
1351,1201
1351,1202
1351,1204
1351,1209
1351,1213
1351,1216
1351,1219
1351,1233
1351,1268
1351,1285
1351,1288
1351,1296
1351,1317
1351,1344
1351,1345
1353,1177
1353,1188
1353,1196
1353,1197
1353,1201
1353,1202
1353,1204
1353,1209
1353,1213
1353,1216
1353,1219
1353,1233
1353,1285
1353,1288
1353,1296
1353,1317
1353,1344
1353,1345
1353,1351
1360,1001
1360,1019
1360,102
1360,1022
1360,1034
1360,1040
1360,1064
1360,1072
1360,1089
1360,1091
1360,1123
1360,1163
1360,125
1360,137
1360,1383
1360,143
1360,160
1360,168
1360,187
1360,193
1360,195
1360,265
1360,287
1360,293
1360,312
1360,350
1360,389
1360,394
1360,397
1360,398
1360,408
1360,410
1360,416
1360,423
1360,430
1360,433
1360,460
1360,462
1360,52
1360,538
1360,563
1360,580
1360,592
1360,655
1360,681
1360,702
1360,728
1360,748
1360,778
1360,861
1360,869
1360,886
1360,910
1360,943
1360,96
1360,993
1360,994
1368,309
1368,385
1368,499
1368,50
1371,1001
1371,1019
1371,102
1371,1022
1371,1034
1371,1040
1371,1072
1371,1089
1371,1091
1371,111
1371,1123
1371,1163
1371,125
1371,1360
1371,1383
1371,143
1371,153
1371,168
1371,187
1371,193
1371,195
1371,249
1371,250
1371,265
1371,287
1371,293
1371,294
1371,312
1371,350
1371,389
1371,394
1371,397
1371,398
1371,408
1371,410
1371,416
1371,423
1371,430
1371,433
1371,451
1371,460
1371,462
1371,52
1371,535
1371,538
1371,563
1371,580
1371,592
1371,593
1371,655
1371,681
1371,702
1371,728
1371,748
1371,778
1371,820
1371,84
1371,861
1371,869
1371,881
1371,886
1371,910
1371,943
1371,96
1371,993
1371,994
1376,1162
1376,137
1376,1389
1376,363
1376,407
1376,420
1376,745
1376,777
1383,109
1383,1137
1383,331
1383,634
1383,71
1383,731
1383,831
1384,1001
1384,1019
1384,102
1384,1034
1384,1040
1384,1064
1384,1089
1384,1091
1384,111
1384,1123
1384,1163
1384,125
1384,1371
1384,153
1384,168
1384,187
1384,193
1384,195
1384,249
1384,250
1384,265
1384,287
1384,293
1384,312
1384,350
1384,389
1384,398
1384,408
1384,410
1384,416
1384,423
1384,433
1384,460
1384,462
1384,52
1384,535
1384,538
1384,563
1384,580
1384,592
1384,655
1384,681
1384,702
1384,728
1384,748
1384,861
1384,869
1384,886
1384,910
1384,943
1384,96
1384,994
1387,1398
1388,137
1388,1398
1389,761
1393,1143
1393,1162
1393,132
1393,137
1393,1376
1393,1398
1393,345
1393,363
1393,407
1393,420
1393,439
1393,60
1393,625
1393,671
1393,706
1393,742
1393,745
1393,777
1393,894
1399,1012
1399,109
1399,1092
1399,1137
1399,1225
1399,1383
1399,331
1399,42
1399,454
1399,634
1399,706
1399,71
1399,731
1399,815
1399,831
1399,889
145,1001
145,1019
145,1064
145,1091
145,1123
145,1371
145,168
145,187
145,265
145,287
145,408
145,423
145,430
145,462
145,563
145,580
145,592
145,655
145,778
145,869
145,886
145,910
145,943
145,96
145,994
159,1001
159,1019
159,102
159,1022
159,1034
159,1040
159,1072
159,1089
159,1091
159,111
159,1123
159,1163
159,125
159,1371
159,1384
159,168
159,187
159,193
159,195
159,249
159,250
159,265
159,287
159,293
159,294
159,312
159,350
159,385
159,389
159,394
159,397
159,398
159,408
159,410
159,416
159,423
159,430
159,433
159,460
159,462
159,52
159,535
159,538
159,563
159,580
159,592
159,655
159,681
159,702
159,728
159,748
159,758
159,820
159,84
159,861
159,869
159,881
159,886
159,910
159,943
159,96
159,994
160,1028
160,1070
160,1085
160,13
160,134
160,165
160,24
160,254
160,264
160,409
160,414
160,547
161,1001
161,1064
161,1091
161,168
161,187
161,265
161,287
161,423
161,462
161,563
161,580
161,592
161,869
161,886
161,943
161,96
161,994
168,1028
168,1070
168,1085
168,13
168,134
168,160
168,233
168,24
168,254
168,264
168,409
168,414
172,1001
172,1009
172,1019
172,102
172,1022
172,1024
172,1034
172,1040
172,1064
172,1072
172,1089
172,1091
172,111
172,1123
172,1140
172,1163
172,125
172,1360
172,1371
172,1384
172,145
172,159
172,161
172,175
172,187
172,193
172,195
172,265
172,287
172,293
172,312
172,385
172,389
172,394
172,397
172,398
172,408
172,410
172,416
172,423
172,430
172,433
172,462
172,538
172,563
172,580
172,592
172,655
172,681
172,702
172,758
172,778
172,861
172,869
172,886
172,910
172,926
172,943
172,96
172,993
172,994
175,1027
175,1029
175,1032
175,1036
175,1080
175,1182
175,137
175,1399
175,404
175,489
175,506
175,668
175,714
175,798
175,813
175,814
175,815
175,889
175,935
175,987
175,990
177,1001
177,1064
177,1091
177,161
177,172
177,187
177,287
177,423
177,462
177,563
177,580
177,592
177,778
177,869
177,886
177,943
177,96
177,994
19,1001
19,1022
19,1064
19,1072
19,1091
19,1123
19,1371
19,172
19,265
19,287
19,293
19,312
19,423
19,430
19,433
19,462
19,563
19,580
19,592
19,778
19,869
19,886
19,943
19,96
19,994
190,137
190,1399
193,796
195,1019
195,102
195,1022
195,1034
195,1040
195,1072
195,1089
195,1091
195,1123
195,1371
195,159
195,19
195,195
195,249
195,250
195,265
195,293
195,294
195,312
195,350
195,376
195,389
195,394
195,397
195,398
195,408
195,410
195,416
195,423
195,430
195,433
195,460
195,491
195,52
195,535
195,538
195,580
195,655
195,681
195,702
195,707
195,728
195,748
195,758
195,820
195,861
195,881
195,910
198,1091
20,290
20,309
20,462
20,499
20,50
200,1051
200,213
200,234
200,290
200,309
200,462
200,499
200,50
202,1009
202,1051
202,1061
202,1064
202,1140
202,206
202,277
202,294
202,309
202,358
202,376
202,385
202,45
202,462
202,491
202,499
202,50
202,579
202,589
202,643
202,707
202,712
202,758
202,852
202,972
202,980
206,1399
206,214
206,244
206,937
213,1061
213,202
213,277
213,294
213,358
213,376
213,385
213,45
213,491
213,579
213,589
213,643
213,707
213,712
213,758
213,852
214,1008
214,1009
214,1051
214,1061
214,1105
214,1121
214,1140
214,128
214,1328
214,1330
214,202
214,234
214,257
214,277
214,290
214,309
214,352
214,358
214,376
214,385
214,388
214,427
214,447
214,45
214,462
214,477
214,485
214,488
214,497
214,499
214,50
214,570
214,573
214,615
214,643
214,647
214,664
214,666
214,688
214,707
214,712
214,717
214,758
214,765
214,87
214,880
214,901
214,908
214,926
214,938
214,941
214,96
216,206
216,244
216,937
229,534
233,528
234,1028
234,1070
234,1085
234,13
234,134
234,24
234,254
234,414
234,50
24,1051
24,309
24,499
24,50
244,1028
244,1070
244,1085
244,13
244,134
244,160
244,168
244,254
244,409
244,414
245,137
245,1399
245,206
245,216
245,937
249,1028
249,1070
249,1085
249,13
249,244
249,254
249,409
249,414
250,1019
250,1034
250,1040
250,1089
250,1091
250,111
250,1384
250,198
250,250
250,265
250,389
250,410
250,423
250,460
250,50
250,535
250,538
250,655
250,681
250,702
250,728
250,748
250,910
254,1091
254,198
254,250
254,535
254,681
254,702
254,728
254,748
257,1028
257,1070
257,1085
257,13
257,134
257,137
257,1399
257,160
257,168
257,190
257,234
257,244
257,249
257,264
257,409
257,414
257,417
257,525
257,547
264,1051
264,214
264,24
264,290
264,309
264,477
264,485
264,499
264,50
264,647
264,688
264,880
264,941
265,1028
265,1070
265,1085
265,13
265,134
265,168
265,244
265,257
265,414
269,1001
269,1019
269,1089
269,1091
269,1123
269,1371
269,19
269,195
269,293
269,389
269,430
269,52
269,538
269,580
269,655
269,681
269,702
269,728
269,748
269,886
269,910
269,994
28,1009
28,1061
28,1064
28,1140
28,202
28,213
28,294
28,358
28,376
28,385
28,45
28,462
28,491
28,579
28,589
28,643
28,707
28,712
28,758
28,852
28,972
28,980
288,1001
288,1009
288,1019
288,1022
288,1024
288,1034
288,1040
288,1064
288,1072
288,1089
288,1091
288,111
288,1123
288,1140
288,1163
288,1371
288,1384
288,145
288,159
288,161
288,172
288,177
288,19
288,195
288,198
288,269
288,293
288,294
288,309
288,312
288,376
288,385
288,389
288,394
288,398
288,408
288,410
288,416
288,423
288,430
288,433
288,460
288,462
288,563
288,580
288,592
288,655
288,707
288,758
288,778
288,861
288,869
288,886
288,926
288,943
288,96
288,993
288,994
293,1009
293,1051
293,1061
293,1105
293,1121
293,128
293,214
293,24
293,309
293,352
293,358
293,385
293,388
293,447
293,477
293,485
293,488
293,497
293,499
293,50
293,615
293,647
293,664
293,666
293,688
293,712
293,717
293,765
293,880
293,901
293,908
293,929
293,938
293,941
294,1001
294,1019
294,1022
294,1034
294,1040
294,1064
294,1072
294,1089
294,1091
294,1123
294,1163
294,1371
294,1384
294,159
294,161
294,172
294,19
294,195
294,198
294,250
294,254
294,269
294,288
294,294
294,312
294,350
294,376
294,389
294,394
294,397
294,398
294,408
294,410
294,416
294,423
294,430
294,433
294,460
294,462
294,491
294,52
294,538
294,563
294,580
294,592
294,593
294,655
294,681
294,702
294,707
294,728
294,748
294,758
294,820
294,84
294,861
294,869
294,881
294,886
294,910
294,943
294,96
294,994
30,1061
30,28
30,358
30,376
30,385
30,45
30,491
30,589
30,643
30,707
30,712
30,758
309,1399
31,1051
31,24
31,499
31,50
312,1399
315,1022
315,1072
315,1089
315,1091
315,1123
315,195
315,269
315,294
315,389
315,423
315,430
315,433
315,681
315,702
315,728
315,748
315,994
324,443
324,705
324,723
324,772
331,1398
331,660
331,749
334,109
334,1137
334,1383
334,634
334,71
334,731
334,831
339,1162
339,363
339,685
339,745
339,930
345,137
345,1399
345,815
350,1162
350,137
350,1399
350,363
350,407
350,745
352,1001
352,1019
352,102
352,1022
352,1034
352,1040
352,1072
352,1089
352,1091
352,1123
352,1371
352,159
352,172
352,19
352,195
352,198
352,250
352,254
352,269
352,294
352,315
352,389
352,394
352,397
352,398
352,408
352,410
352,416
352,423
352,430
352,433
352,460
352,52
352,535
352,538
352,563
352,580
352,592
352,655
352,681
352,702
352,728
352,748
352,84
352,861
352,881
352,886
352,910
352,994
358,1008
358,1009
358,1061
358,1105
358,1121
358,1140
358,128
358,1328
358,1330
358,202
358,213
358,214
358,24
358,28
358,293
358,31
358,358
358,376
358,385
358,388
358,427
358,447
358,45
358,462
358,477
358,485
358,488
358,497
358,499
358,50
358,570
358,573
358,579
358,615
358,643
358,647
358,664
358,666
358,688
358,707
358,712
358,717
358,758
358,765
358,852
358,87
358,880
358,896
358,901
358,908
358,926
358,938
358,941
359,1009
359,1061
359,1064
359,1140
359,202
359,213
359,28
359,30
359,376
359,385
359,45
359,462
359,491
359,579
359,589
359,643
359,707
359,712
359,758
359,852
359,972
359,980
363,705
363,723
366,1143
366,1162
366,132
366,137
366,1376
366,1393
366,1399
366,350
366,407
366,420
366,439
366,60
366,625
366,671
366,706
366,742
366,745
366,777
366,894
367,1162
367,137
376,1399
38,1009
38,1061
38,1064
38,1140
38,202
38,213
38,28
38,30
38,359
38,385
38,45
38,462
38,491
38,579
38,589
38,643
38,707
38,712
38,758
38,852
38,972
38,980
388,1061
388,213
388,28
388,30
388,359
388,38
388,45
388,491
388,589
388,643
388,707
388,712
388,758
388,852
389,1008
389,1009
389,1061
389,1105
389,1121
389,1140
389,128
389,1328
389,1330
389,213
389,214
389,24
389,28
389,293
389,31
389,358
389,359
389,38
389,388
389,427
389,447
389,45
389,462
389,477
389,485
389,488
389,497
389,499
389,50
389,570
389,573
389,579
389,615
389,643
389,647
389,664
389,666
389,688
389,707
389,712
389,717
389,758
389,765
389,852
389,87
389,880
389,901
389,908
389,926
389,938
389,941
390,1001
390,1019
390,102
390,1022
390,1034
390,1040
390,1072
390,1089
390,1091
390,1123
390,1360
390,1371
390,1384
390,159
390,172
390,19
390,195
390,198
390,250
390,254
390,269
390,294
390,315
390,352
390,394
390,397
390,398
390,408
390,410
390,416
390,423
390,430
390,433
390,460
390,52
390,538
390,563
390,580
390,592
390,655
390,681
390,702
390,728
390,748
390,84
390,861
390,881
390,886
390,910
390,994
397,1001
397,1019
397,102
397,1022
397,1034
397,1040
397,1072
397,1089
397,1091
397,1123
397,1163
397,125
397,1360
397,1371
397,1384
397,145
397,159
397,172
397,19
397,195
397,198
397,250
397,254
397,269
397,288
397,294
397,315
397,352
397,390
397,397
397,398
397,408
397,410
397,416
397,423
397,430
397,433
397,460
397,52
397,538
397,563
397,580
397,592
397,655
397,681
397,702
397,728
397,748
397,820
397,84
397,861
397,869
397,881
397,886
397,910
397,943
397,96
397,994
398,1001
398,1019
398,1022
398,1034
398,1040
398,1072
398,1089
398,1091
398,1123
398,1371
398,172
398,19
398,195
398,269
398,294
398,315
398,352
398,390
398,397
398,398
398,408
398,410
398,416
398,423
398,430
398,433
398,52
398,538
398,563
398,580
398,592
398,655
398,681
398,702
398,728
398,748
398,861
398,886
398,910
398,994
399,1001
399,1019
399,1022
399,1034
399,1040
399,1072
399,1089
399,1091
399,1123
399,1371
399,19
399,195
399,269
399,294
399,315
399,352
399,390
399,397
399,398
399,408
399,410
399,416
399,423
399,430
399,433
399,52
399,538
399,580
399,655
399,681
399,702
399,728
399,748
399,886
399,910
399,994
401,1051
401,24
401,293
401,31
401,388
401,499
401,50
401,712
407,1027
407,1029
407,1032
407,1036
407,1080
407,1182
407,137
407,1399
407,175
407,489
407,506
407,668
407,714
407,798
407,803
407,813
407,814
407,815
407,935
407,987
407,990
408,1080
408,1143
408,1156
408,1162
408,132
408,137
408,1376
408,1393
408,1399
408,350
408,366
408,420
408,435
408,439
408,506
408,60
408,625
408,671
408,706
408,742
408,745
408,777
408,894
409,1001
409,1019
409,102
409,1022
409,1034
409,1040
409,1072
409,1089
409,1091
409,1123
409,1163
409,125
409,1360
409,1371
409,1384
409,145
409,159
409,172
409,19
409,195
409,198
409,250
409,254
409,269
409,288
409,294
409,315
409,352
409,390
409,397
409,398
409,399
409,410
409,416
409,423
409,430
409,433
409,460
409,52
409,538
409,563
409,580
409,592
409,655
409,681
409,702
409,728
409,748
409,820
409,84
409,861
409,869
409,881
409,886
409,910
409,943
409,96
409,994
410,1028
410,1070
410,1085
410,13
410,244
410,257
410,414
413,388
416,1028
416,1070
416,1085
416,13
416,134
416,160
416,168
416,234
416,244
416,249
416,257
416,265
416,410
416,547
417,1001
417,1019
417,102
417,1022
417,1034
417,1040
417,1072
417,1089
417,1091
417,1123
417,125
417,1360
417,1371
417,145
417,159
417,172
417,19
417,195
417,198
417,250
417,254
417,269
417,288
417,294
417,315
417,352
417,390
417,397
417,398
417,399
417,409
417,413
417,423
417,430
417,433
417,460
417,52
417,538
417,563
417,580
417,592
417,655
417,681
417,702
417,728
417,748
417,820
417,84
417,861
417,869
417,881
417,886
417,910
417,943
417,96
417,994
420,1012
420,1081
420,109
420,1092
420,1137
420,1225
420,1383
420,1399
420,334
420,454
420,634
420,71
420,731
420,815
420,831
420,889
420,939
423,1143
423,1162
423,132
423,137
423,1376
423,1393
423,1399
423,350
423,366
423,408
423,439
423,60
423,625
423,671
423,706
423,742
423,745
423,777
423,894
426,1091
426,388
430,388
433,1001
433,1019
433,1022
433,1034
433,1040
433,1064
433,1072
433,1089
433,1091
433,1123
433,1371
433,159
433,172
433,19
433,195
433,198
433,269
433,288
433,294
433,30
433,315
433,352
433,38
433,388
433,390
433,397
433,398
433,399
433,409
433,413
433,417
433,426
433,433
433,460
433,462
433,491
433,52
433,538
433,580
433,592
433,655
433,681
433,702
433,707
433,728
433,748
433,758
433,820
433,84
433,861
433,869
433,881
433,886
433,910
433,943
433,96
433,994
435,1001
435,1019
435,1022
435,1034
435,1040
435,1064
435,1072
435,1089
435,1091
435,1123
435,1371
435,1384
435,159
435,172
435,19
435,195
435,198
435,269
435,288
435,294
435,315
435,352
435,390
435,397
435,398
435,399
435,409
435,413
435,417
435,426
435,433
435,460
435,462
435,52
435,538
435,592
435,655
435,681
435,702
435,728
435,748
435,861
435,881
435,886
435,910
435,96
435,994
439,1162
439,366
439,408
439,745
440,1162
440,366
440,745
45,31
45,388
45,499
45,50
45,712
450,1061
450,202
450,213
450,28
450,30
450,359
450,38
450,388
450,491
450,579
450,589
450,643
450,707
450,712
450,758
450,852
450,980
454,1001
454,1009
454,1061
454,1064
454,1091
454,1097
454,1140
454,1399
454,172
454,177
454,214
454,288
454,293
454,31
454,358
454,359
454,38
454,388
454,389
454,426
454,430
454,450
454,462
454,477
454,485
454,499
454,579
454,592
454,647
454,664
454,666
454,688
454,707
454,712
454,717
454,758
454,765
454,778
454,869
454,880
454,886
454,926
454,941
454,943
454,96
454,993
454,994
459,109
459,1137
459,1383
459,1399
459,334
459,634
459,71
459,731
459,831
464,1001
464,1009
464,1064
464,1091
464,1140
464,28
464,31
464,359
464,38
464,388
464,450
464,499
464,707
464,758
464,886
464,96
464,994
473,1050
473,1051
473,24
473,293
473,31
473,499
473,50
473,833
473,901
473,908
473,929
473,938
477,1050
477,1051
477,24
477,293
477,31
477,473
477,499
477,50
477,901
477,929
477,938
485,1051
485,1061
485,293
485,31
485,388
485,450
485,499
485,50
485,712
488,1009
488,1051
488,1061
488,1105
488,1121
488,1140
488,128
488,214
488,24
488,293
488,31
488,358
488,359
488,388
488,389
488,45
488,450
488,464
488,473
488,485
488,488
488,497
488,499
488,50
488,570
488,615
488,647
488,664
488,666
488,688
488,712
488,717
488,765
488,880
488,901
488,908
488,929
488,938
488,941
489,1051
489,24
489,31
489,497
489,499
489,50
490,1029
490,1032
490,1036
490,1080
490,1225
490,137
490,1399
490,175
490,506
490,815
490,889
490,990
494,1061
494,28
494,30
494,359
494,38
494,388
494,450
494,589
494,643
494,707
494,712
494,758
499,1051
499,24
499,31
499,489
499,499
499,50
50,1051
50,24
50,31
50,50
503,1050
503,1051
503,31
503,473
503,50
503,929
506,137
506,1399
514,137
514,1399
514,815
518,137
518,1399
518,815
52,1004
52,1006
52,1027
52,1028
52,1029
52,1032
52,1036
52,1048
52,1053
52,1070
52,1080
52,1084
52,1085
52,1094
52,1105
52,1121
52,1129
52,1135
52,114
52,1143
52,1156
52,1158
52,1162
52,1177
52,1182
52,122
52,1225
52,13
52,137
52,1385
52,1387
52,1388
52,1399
52,164
52,175
52,190
52,192
52,206
52,216
52,229
52,245
52,247
52,257
52,309
52,312
52,345
52,350
52,366
52,393
52,407
52,408
52,430
52,490
52,491
52,497
52,506
52,514
52,518
52,525
52,60
52,625
52,627
52,671
52,699
52,706
52,714
52,738
52,739
52,745
52,750
52,770
52,798
52,80
52,801
52,803
52,813
52,814
52,815
52,818
52,867
52,889
52,915
52,928
52,937
52,975
52,985
52,990
52,991
525,1019
525,102
525,1022
525,1040
525,1072
525,1089
525,1091
525,1123
525,1371
525,159
525,195
525,198
525,250
525,254
525,269
525,294
525,30
525,315
525,352
525,390
525,397
525,399
525,409
525,413
525,417
525,426
525,433
525,435
525,461
525,494
525,535
525,538
525,655
525,681
525,702
525,728
525,748
525,758
525,861
525,881
525,910
526,1070
526,137
526,1399
528,1177
528,1188
533,233
534,1070
534,1399
535,229
538,1091
538,198
538,250
538,254
538,655
538,681
538,702
538,728
538,748
538,910
545,1001
545,1019
545,102
545,1022
545,1034
545,1040
545,1089
545,1091
545,1123
545,1360
545,1371
545,159
545,172
545,19
545,195
545,198
545,250
545,254
545,269
545,294
545,30
545,315
545,352
545,390
545,397
545,398
545,399
545,409
545,413
545,417
545,426
545,433
545,435
545,461
545,525
545,538
545,563
545,580
545,592
545,655
545,681
545,702
545,728
545,748
545,820
545,84
545,861
545,881
545,886
545,910
545,994
56,1070
56,416
563,388
564,1001
564,1019
564,102
564,1022
564,1034
564,1040
564,1089
564,1091
564,1123
564,125
564,1360
564,1371
564,1384
564,172
564,19
564,195
564,269
564,288
564,294
564,315
564,390
564,397
564,398
564,409
564,417
564,426
564,433
564,435
564,464
564,525
564,545
564,580
564,592
564,655
564,681
564,702
564,728
564,748
564,778
564,820
564,869
564,886
564,910
564,943
564,96
564,993
564,994
573,1001
573,1008
573,1009
573,1061
573,1064
573,1105
573,1121
573,1140
573,128
573,1328
573,214
573,293
573,31
573,358
573,359
573,38
573,388
573,389
573,45
573,450
573,464
573,485
573,488
573,50
573,503
573,573
573,615
573,647
573,664
573,666
573,688
573,707
573,712
573,717
573,758
573,765
573,880
573,886
573,941
573,96
574,1001
574,1008
574,1009
574,1061
574,1064
574,1105
574,1121
574,1140
574,128
574,1328
574,172
574,214
574,293
574,31
574,358
574,359
574,38
574,388
574,389
574,45
574,450
574,464
574,485
574,488
574,50
574,503
574,573
574,615
574,647
574,664
574,666
574,688
574,707
574,712
574,717
574,758
574,765
574,880
574,886
574,926
574,941
574,96
580,1009
580,1061
580,1140
580,202
580,213
580,28
580,30
580,359
580,38
580,388
580,450
580,464
580,494
580,589
580,643
580,707
580,712
580,758
580,852
580,980
581,1001
581,1019
581,102
581,1022
581,1040
581,1089
581,1091
581,1123
581,125
581,1360
581,1371
581,1384
581,172
581,19
581,195
581,269
581,288
581,315
581,390
581,397
581,409
581,417
581,426
581,433
581,464
581,525
581,545
581,564
581,592
581,655
581,681
581,702
581,728
581,748
581,778
581,820
581,869
581,886
581,910
581,943
581,96
581,993
581,994
589,1001
589,1009
589,1061
589,1064
589,1091
589,1140
589,172
589,214
589,293
589,31
589,359
589,38
589,388
589,450
589,464
589,50
589,592
589,707
589,712
589,758
589,869
589,886
589,941
589,943
589,96
589,994
592,1009
592,1061
592,1140
592,202
592,213
592,28
592,30
592,359
592,38
592,388
592,450
592,494
592,580
592,643
592,707
592,712
592,758
592,852
592,980
593,1001
593,1009
593,1019
593,102
593,1022
593,1034
593,1040
593,1064
593,1072
593,1089
593,1091
593,1123
593,1140
593,1163
593,125
593,1360
593,1371
593,1384
593,145
593,159
593,161
593,172
593,177
593,19
593,195
593,269
593,288
593,294
593,315
593,388
593,390
593,397
593,398
593,399
593,409
593,413
593,417
593,426
593,433
593,435
593,464
593,545
593,564
593,581
593,655
593,681
593,702
593,728
593,748
593,778
593,869
593,886
593,910
593,926
593,943
593,96
593,993
593,994
600,1162
600,137
600,1399
615,1399
615,407
615,668
615,714
615,903
615,930
617,214
617,293
617,31
617,358
617,389
617,45
617,485
617,488
617,50
617,503
617,647
617,664
617,666
617,712
617,717
617,765
617,880
617,941
624,31
625,7
627,1162
627,137
627,1399
634,1399
640,334
640,71
647,1009
647,1061
647,1064
647,1140
647,202
647,213
647,28
647,30
647,359
647,38
647,388
647,450
647,464
647,494
647,580
647,592
647,707
647,712
647,758
647,852
647,972
647,980
648,293
648,31
648,50
660,1019
660,1091
660,681
660,702
660,728
660,748
660,910
664,331
664,749
666,1008
666,1009
666,1051
666,1061
666,1105
666,1121
666,1140
666,128
666,1328
666,1330
666,202
666,213
666,214
666,24
666,28
666,293
666,31
666,358
666,359
666,38
666,388
666,389
666,430
666,45
666,450
666,464
666,485
666,488
666,489
666,499
666,50
666,503
666,573
666,574
666,580
666,617
666,647
666,648
666,666
666,688
666,707
666,712
666,717
666,758
666,765
666,852
666,87
666,880
666,901
666,908
666,909
666,926
666,938
666,941
668,1008
668,1009
668,1061
668,1105
668,1121
668,1140
668,128
668,1328
668,1330
668,202
668,213
668,214
668,24
668,28
668,293
668,31
668,358
668,359
668,38
668,388
668,389
668,430
668,45
668,450
668,464
668,485
668,488
668,489
668,499
668,50
668,503
668,573
668,574
668,580
668,592
668,617
668,647
668,648
668,666
668,688
668,707
668,712
668,717
668,758
668,765
668,852
668,87
668,880
668,896
668,901
668,908
668,926
668,938
668,941
669,1399
669,407
669,714
681,1162
681,137
681,1399
681,815
685,1051
685,1089
685,195
685,250
685,254
685,433
685,503
685,525
685,545
685,702
685,728
685,748
685,910
688,930
69,214
69,293
69,31
69,359
69,388
69,488
69,489
69,50
69,503
69,648
69,712
69,941
697,1080
697,1162
697,137
697,1399
697,350
697,366
697,408
697,514
697,745
697,815
697,889
7,137
7,1399
7,815
702,625
705,1051
705,1089
705,1091
705,195
705,250
705,254
705,503
705,525
705,545
705,685
705,728
705,748
706,723
707,137
707,1399
707,815
707,889
71,1009
71,1061
71,1064
71,1140
71,202
71,213
71,28
71,30
71,359
71,38
71,388
71,450
71,464
71,494
71,580
71,592
71,647
71,712
71,758
71,852
71,972
71,980
712,334
712,640
712,731
712,831
714,1009
714,1061
714,1140
714,202
714,213
714,28
714,30
714,359
714,38
714,388
714,450
714,464
714,494
714,580
714,592
714,647
714,71
714,758
714,852
714,980
717,1027
717,1080
717,1182
717,137
717,1399
717,175
717,407
717,669
717,815
717,990
718,1008
718,1009
718,1051
718,1061
718,1105
718,1121
718,1140
718,128
718,1328
718,1330
718,202
718,213
718,214
718,24
718,28
718,293
718,31
718,358
718,359
718,38
718,388
718,389
718,430
718,45
718,450
718,464
718,485
718,488
718,489
718,499
718,50
718,503
718,573
718,574
718,580
718,592
718,617
718,647
718,648
718,666
718,668
718,69
718,71
718,714
718,758
718,765
718,852
718,87
718,880
718,896
718,901
718,908
718,909
718,926
718,938
718,941
728,706
731,1051
731,1089
731,195
731,250
731,254
731,503
731,525
731,545
731,685
731,705
731,748
731,910
734,334
734,640
734,712
734,831
738,761
738,79
739,1028
739,1070
739,1080
739,1156
739,1162
739,1225
739,137
739,1388
739,1399
739,206
739,216
739,245
739,257
739,350
739,464
739,514
739,518
739,681
739,707
739,814
739,815
739,867
739,889
739,937
739,990
74,1001
74,1009
74,293
74,31
74,388
74,464
74,50
74,648
74,69
74,714
74,886
74,941
748,1143
748,1162
748,132
748,137
748,1376
748,1393
748,1399
748,350
748,366
748,408
748,423
748,440
748,627
748,681
748,707
748,777
748,894
749,1051
749,1089
749,1091
749,195
749,250
749,254
749,503
749,525
749,545
749,685
749,705
749,731
749,910
750,331
750,664
752,1001
752,1009
752,1061
752,1064
752,1091
752,1140
752,137
752,1399
752,172
752,214
752,288
752,293
752,31
752,358
752,388
752,389
752,430
752,450
752,464
752,50
752,593
752,648
752,666
752,668
752,69
752,714
752,718
752,765
752,778
752,869
752,880
752,886
752,926
752,941
752,943
752,96
752,994
754,761
754,79
758,761
758,79
761,1009
761,1061
761,1064
761,1140
761,202
761,213
761,28
761,30
761,359
761,38
761,388
761,450
761,464
761,494
761,580
761,592
761,647
761,71
761,714
761,852
761,972
761,980
762,79
765,1399
766,1008
766,1009
766,1051
766,1061
766,1105
766,1121
766,1140
766,128
766,1328
766,202
766,213
766,214
766,24
766,28
766,293
766,31
766,358
766,359
766,38
766,388
766,389
766,430
766,45
766,450
766,464
766,485
766,488
766,489
766,499
766,50
766,503
766,573
766,574
766,580
766,617
766,647
766,648
766,666
766,668
766,69
766,71
766,714
766,718
766,761
766,852
766,87
766,880
766,901
766,908
766,926
766,938
766,941
772,1399
777,324
777,445
777,706
777,728
778,1162
778,132
778,137
778,1376
778,1393
778,350
778,366
778,408
778,423
778,440
778,627
778,681
778,745
778,748
79,1001
79,1009
79,1019
79,1022
79,1024
79,1034
79,1040
79,1064
79,1072
79,1091
79,1123
79,1140
79,1163
79,125
79,1360
79,1371
79,1384
79,145
79,159
79,161
79,172
79,177
79,19
79,214
79,269
79,288
79,294
79,31
79,315
79,388
79,390
79,397
79,409
79,413
79,417
79,426
79,430
79,433
79,435
79,454
79,464
79,50
79,564
79,581
79,593
79,660
79,69
79,869
79,886
79,910
79,926
79,943
79,96
79,993
79,994
796,762
798,762
798,796
80,1027
80,1080
80,1156
80,1225
80,137
80,1399
80,245
80,407
80,490
80,514
80,815
80,889
80,990
801,137
813,137
813,1399
813,815
814,1080
814,137
814,1399
814,815
814,889
815,137
815,1399
815,815
818,1012
818,109
818,1092
818,1137
818,1225
818,1383
818,1399
818,334
818,420
818,459
818,640
818,707
818,712
818,734
818,831
818,889
820,1399
833,640
834,1051
834,31
834,50
834,503
84,1051
84,293
84,31
84,38
84,388
84,50
84,503
84,71
84,714
84,761
844,1091
844,388
844,685
844,705
844,731
844,749
854,1009
854,1061
854,1064
854,1140
854,202
854,213
854,28
854,30
854,359
854,38
854,388
854,450
854,464
854,494
854,580
854,592
854,647
854,71
854,714
854,761
854,926
854,972
854,980
867,1091
867,685
867,705
867,731
867,749
869,137
869,1399
87,1001
87,1009
87,1019
87,102
87,1022
87,1034
87,1040
87,1064
87,1072
87,1089
87,1091
87,1123
87,1140
87,1163
87,125
87,1360
87,1371
87,1384
87,145
87,159
87,161
87,172
87,177
87,19
87,195
87,269
87,288
87,294
87,315
87,38
87,388
87,390
87,397
87,398
87,399
87,409
87,413
87,417
87,426
87,433
87,435
87,464
87,545
87,564
87,581
87,593
87,660
87,685
87,705
87,71
87,731
87,761
87,79
87,886
87,910
87,926
87,943
87,991
87,993
873,1009
873,1140
873,214
873,293
873,31
873,388
873,464
873,485
873,488
873,50
873,503
873,617
873,648
873,69
873,714
873,941
880,503
881,1008
881,1009
881,1051
881,1061
881,1105
881,1121
881,1140
881,128
881,1328
881,1330
881,202
881,213
881,214
881,24
881,264
881,28
881,293
881,31
881,358
881,359
881,38
881,388
881,389
881,430
881,45
881,450
881,464
881,485
881,488
881,489
881,499
881,50
881,503
881,573
881,574
881,580
881,617
881,647
881,648
881,666
881,668
881,69
881,71
881,714
881,718
881,761
881,766
881,873
881,901
881,908
881,926
881,938
881,941
886,685
886,705
886,731
886,749
889,1001
889,1009
889,1019
889,102
889,1022
889,1024
889,1034
889,1040
889,1064
889,1072
889,1091
889,111
889,1123
889,1140
889,1163
889,125
889,1360
889,1371
889,1384
889,145
889,159
889,161
889,172
889,177
889,19
889,195
889,269
889,288
889,294
889,315
889,390
889,397
889,399
889,409
889,413
889,417
889,426
889,433
889,435
889,464
889,564
889,581
889,593
889,660
889,79
889,87
889,910
889,926
889,943
889,96
889,993
889,994
894,1012
894,1081
894,109
894,1092
894,1137
894,1225
894,137
894,1383
894,1399
894,334
894,420
894,459
894,640
894,707
894,712
894,734
894,818
894,833
894,880
894,92
894,939
896,1245
896,1251
896,1303
896,1306
896,1307
896,1313
90,1001
90,1009
90,1051
90,1061
90,1064
90,1140
90,214
90,28
90,293
90,31
90,359
90,38
90,388
90,464
90,50
90,503
90,71
90,714
90,761
90,889
90,938
90,96
901,1050
901,1051
901,24
901,293
901,31
901,473
901,50
901,503
901,901
901,929
901,938
903,1050
903,1051
903,214
903,24
903,293
903,31
903,473
903,485
903,488
903,50
903,503
903,834
903,908
903,929
903,938
908,615
908,688
908,930
909,1050
909,1051
909,214
909,24
909,293
909,31
909,45
909,473
909,485
909,488
909,50
909,503
909,714
909,834
909,903
909,929
909,938
910,388
915,1019
915,102
915,1089
915,1091
915,1371
915,195
915,254
915,461
915,525
915,545
915,564
915,581
915,660
915,685
915,705
915,731
915,749
917,1001
917,1009
917,1061
917,1064
917,1140
917,137
917,1399
917,293
917,31
917,38
917,388
917,389
917,464
917,50
917,666
917,71
917,714
917,718
917,761
917,889
917,96
926,1012
926,1081
926,109
926,1092
926,1137
926,1225
926,1383
926,1399
926,334
926,420
926,459
926,640
926,712
926,734
926,818
926,833
926,894
926,939
927,1001
927,1009
927,1061
927,1064
927,1091
927,1140
927,172
927,214
927,28
927,293
927,31
927,359
927,38
927,388
927,450
927,464
927,50
927,71
927,714
927,761
927,87
927,889
927,941
927,943
927,96
927,994
930,1050
930,1051
930,24
930,293
930,31
930,473
930,50
930,503
930,834
930,903
930,909
930,938
937,1399
938,1399
938,206
938,216
938,245
939,1050
939,1051
939,214
939,24
939,293
939,31
939,45
939,473
939,477
939,485
939,488
939,489
939,499
939,50
939,503
939,834
939,881
939,901
939,903
939,909
939,930
941,109
941,1137
941,1383
941,334
941,640
941,712
941,734
941,833
943,1061
943,214
943,293
943,31
943,358
943,359
943,38
943,388
943,389
943,45
943,485
943,488
943,50
943,503
943,617
943,648
943,666
943,668
943,69
943,71
943,714
943,718
943,761
943,766
943,881
96,1001
96,1009
96,1019
96,102
96,1022
96,1034
96,1040
96,1064
96,1072
96,1089
96,1091
96,1123
96,1140
96,1163
96,125
96,1360
96,1371
96,1384
96,145
96,159
96,161
96,172
96,177
96,19
96,195
96,269
96,288
96,294
96,315
96,38
96,388
96,390
96,397
96,398
96,399
96,409
96,413
96,417
96,426
96,433
96,435
96,464
96,545
96,564
96,581
96,593
96,660
96,685
96,705
96,71
96,731
96,761
96,79
96,886
96,910
96,926
96,943
96,991
96,993
960,1001
960,1009
960,1019
960,1022
960,1024
960,1040
960,1064
960,1072
960,1091
960,1123
960,1140
960,125
960,1360
960,1371
960,1384
960,145
960,161
960,172
960,177
960,19
960,198
960,269
960,288
960,294
960,315
960,388
960,390
960,399
960,409
960,413
960,426
960,433
960,435
960,464
960,564
960,581
960,593
960,660
960,79
960,87
960,889
960,927
960,96
960,993
960,994
970,935
975,1009
975,1061
975,1064
975,1097
975,1140
975,213
975,28
975,293
975,30
975,31
975,359
975,38
975,388
975,430
975,450
975,464
975,494
975,50
975,580
975,592
975,647
975,71
975,714
975,761
975,854
980,1399
980,31
980,464
985,1061
985,202
985,213
985,28
985,30
985,359
985,38
985,388
985,450
985,494
985,580
985,592
985,647
985,71
985,714
985,761
985,854
987,137
987,1399
987,818
990,1399
991,1027
991,1029
991,1032
991,1036
991,1080
991,1156
991,1162
991,137
991,1399
991,245
991,407
991,514
991,818
991,894
991,990
993,137
993,1399
993,818
994,1001
994,1009
994,1061
994,1064
994,1091
994,1140
994,172
994,28
994,288
994,31
994,359
994,38
994,388
994,426
994,450
994,464
994,50
994,581
994,593
994,647
994,71
994,714
994,761
994,87
994,889
994,96
994,960
994,994
996,1001
996,1019
996,1022
996,1034
996,1040
996,1064
996,1072
996,1089
996,1091
996,1123
996,1163
996,125
996,1360
996,1371
996,1384
996,145
996,159
996,161
996,172
996,177
996,19
996,195
996,269
996,288
996,294
996,315
996,390
996,397
996,399
996,409
996,413
996,417
996,426
996,433
996,435
996,464
996,564
996,581
996,593
996,660
996,705
996,79
996,87
996,889
996,915
996,96
996,960
996,994
